{
	"type": ["null", "object"],
    "additionalProperties": false,
    "properties": {
		"ingestion_date": {
			"type": ["null", "string"]
		},
		"is_closed": {
			"type": ["null", "boolean"]
		},
		"total_sales": {
	    	"type": ["null", "object"],
			"sales_incl_taxes": {
				"type": ["null", "integer"]
			},
			"sales_excl_taxes": {
				"type": ["null", "integer"]
			},
			"nb_receipts": {
				"type": ["null", "integer"]
			},
			"nb_seats": {
				"type": ["null", "integer"]
			},
			"taxes": {
				"type": "array",
				"items": {
					"type": "object",
					"properties": {
						"rate": {
							"type": [
								"null",
								"number"
							]
						},
						"amount": {
							"type": [
								"null",
								"number"
							]
						},
						"external_id": {
							"type": [
								"null",
								"string"
							]
						}
					}
				}
			}
		},
		"sales": {
	    	"type": ["null", "object"],
			"taxes": {
				"type": "array",
				"items": {
					"type": "object",
					"properties": {
						"rate": {
							"type": [
								"null",
								"number"
							]
						},
						"amount": {
							"type": [
								"null",
								"number"
							]
						},
						"external_id": {
							"type": [
								"null",
								"string"
							]
						}
					}
				}
			}
		},
		"receipts": {
			"type": ["null", "object"],
			"id": {
				"type": ["null", "string"]
			},
			"sequential_id": {
				"type": ["null", "string"]
			},
			"period_id": {
				"type": ["null", "string"]
			},
			"date_created": {
				"type": ["null", "string"]
			},
			"date_closed": {
				"type": ["null", "string"]
			},
			"snapshot": {
				"type": ["null", "string"]
			},
			"owner": {
				"type": ["null", "object"],
				"id": {
					"type": ["null", "string"]
				},
				"name": {
					"type": ["null", "string"]
				},
				"external_id": {
					"type": ["null", "string"]
				}
			},
			"location": {
				"type": ["null", "object"],
				"id": {
					"type": ["null", "string"]
				},
				"name": {
					"type": ["null", "string"]
				},
				"external_id": {
					"type": ["null", "string"]
				}
			},
			"table": {
				"type": ["null", "number"]
			},
			"notes": {
				  "type": "array",
				  "items": {
					"type": ["null", "array"]
				  }
			},
			"discount": {
				"type": ["null", "object"],
				"predefineddiscount": {
					"type": "array",
					"items": {
						"type": ["null", "object"],
						"id": {
							"type": ["null", "string"]
						},
						"name": {
							"type": ["null", "string"]
						},
						"external_id": {
							"type": ["null", "string"]
						}
					}
				},
				"offered": {
					"type": ["null", "boolean"]
				},
				"discount_amount": {
					"type": ["null", "number"]
				},
				"discount_percentage": {
					"type": ["null", "number"]
				},
				"discount_total": {
					"type": ["null", "number"]
				}
			},
			"cancelled": {
				"type": ["null", "boolean"]
			},
			"cancellation_reason": {
				"type": ["null", "string"]
			},
			"loyaltycard": {
				"type": ["null", "string"]
			},
			"customer": {
				"type": ["null", "object"],
				"id": {
					"type": ["null", "string"]
				}
			},
			"payments": {
				"type": "array",
				"items": {
					"type": "object",
					"properties": {
						"amount": {
							"type": [
								"null",
								"number"
							]
						},
						"date": {
							"type": [
								"null",
								"string"
							]
						},
						"user": {
							"type": ["null", "object"],
							"id": {
								"type": ["null", "string"]
							},
							"name": {
								"type": ["null", "string"]
							},
							"external_id": {
								"type": ["null", "string"]
							}
						},
						"paymentmethod": {
							"type": ["null", "object"],
							"id": {
								"type": ["null", "string"]
							},
							"name": {
								"type": ["null", "string"]
							},
							"external_id": {
								"type": ["null", "string"]
							}
						},
						"lunch_voucher": {
							"type": ["null", "string"]
						}
					}
				}
			},
			"items": {
				"type": "array",
				"items": {
					"type": "object",
					"properties": {
						"id": {
							"type": [
								"null",
								"string"
							]
						},
						"type": {
							"type": [
								"null",
								"string"
							],
							"enum": ["one", "two", "three"]

						},
						"quantity": {
							"type": [
								"null",
								"number"
							]
						},
						"unit_price": {
							"type": [
								"null",
								"number"
							]
						},
						"final_price": {
							"type": [
								"null",
								"number"
							]
						},
						"product": {
							"type": ["null", "object"],
							"id": {
								"type": ["null", "string"]
							},
							"name": {
								"type": ["null", "string"]
							},
							"external_id": {
								"type": ["null", "string"]
							}
						},
						"discount": {
							"type": ["null", "object"],
							"predefineddiscount": {
								"type": ["null", "object"],
								"id": {
									"type": ["null", "string"]
								},
								"name": {
									"type": ["null", "string"]
								},
								"external_id": {
									"type": ["null", "string"]
								}
							},
							"offered": {
								"type": ["null", "boolean"]
							},
							"discount_amount": {
								"type": ["null", "number"]
							},
							"discount_percentage": {
								"type": ["null", "number"]
							},
							"discount_total": {
								"type": ["null", "number"]
							}
						},
						"menu": {
							"type": ["null", "string"]
						},
						"taxes": {
							"type": "array",
							"items": {
								"type": "object",
								"properties": {
									"rate": {
										"type": [
											"null",
											"number"
										]
									},
									"amount": {
										"type": [
											"null",
											"number"
										]
									},
									"external_id": {
										"type": [
											"null",
											"string"
										]
									}
								}
							}
						},
						"addons": {
							"type": "array",
							"items": {
								"type": "object",
								"properties": {
									"addon": {
										"type": ["null", "object"],
										"id": {
											"type": ["null", "string"]
										},
										"name": {
											"type": ["null", "string"]
										},
										"external_id": {
											"type": ["null", "string"]
										}
									},
									"product": {
										"type": ["null", "object"],
										"id": {
											"type": ["null", "string"]
										},
										"name": {
											"type": ["null", "string"]
										},
										"external_id": {
											"type": ["null", "string"]
										}
									},
									"unit_price": {
										"type": [
											"null",
											"number"
										]
									},
									"quantity": {
										"type": [
											"null",
											"number"
										]
									}
								}
							}
						}
					},
					"notes": {
						  "type": "array",
						  "items": {
							"type": ["null", "array"]
						  }
					}
				},
				"quantity": {
					"type": [
						"null",
						"number"
					]
				},
				"taxes": {
					"type": "array",
					"items": {
						"type": "object",
						"properties": {
							"rate": {
								"type": [
									"null",
									"number"
								]
							},
							"amount": {
								"type": [
									"null",
									"number"
								]
							},
							"external_id": {
								"type": [
									"null",
									"string"
								]
							}
						}
					}
				}
			}
		},
		"id": {
			"type": ["null", "string"]
		},
		"sequential_id": {
			"type": ["null", "integer"]
		},
		"date_created": {
			"type": ["null", "string"]
		},
		"user": {
			"type": ["null", "object"],
			"rate": {
				"type": ["null", "number"]
			},
			"amount": {
				"type": ["null", "number"]
			},
			"external_id": {
				"type": ["null", "number"]
			}
		},
		"range_begin_date": {
			"type": ["null", "string"]
		},
		"range_end_date": {
			"type": ["null", "string"]
		},
		"nb_receipts": {
			"type": ["null", "integer"]
		},
		"nb_cancelled_receipts": {
			"type": ["null", "integer"]
		},
		"nb_seats": {
			"type": ["null", "integer"]
		},
		"payments": {
			"type": "array",
			"items": {
				"type": "object",
				"properties": {
					"paymentmethod": {
						"type": ["null", "object"],
						"id": {
							"type": ["null", "string"]
						},
						"name": {
							"type": ["null", "string"]
						},
						"external_id": {
							"type": ["null", "string"]
						}
					},
					"amount": {
						"type": [
							"null",
							"number"
						]
					},
					"nb_operations": {
						"type": ["null", "integer"]
					}
				}
			}
		}
	}
}